category,text
REAL,How to Enjoy the Fourth of July Weekend Amid the COVID-19 Resurgence
REAL,CDC Expands List of Those with Higher COVID-19 Risks: What to Know
REAL,Feds Warn That Face Mask Exemption Cards Are Fake
REAL,Experts Confident Bidens COVID-19 Response Could Speed Recovery
REAL,Heres Exactly Where We Are with Vaccines and Treatments for COVID-19
REAL,New Study Details the Best Types of COVID-19 Face Masks
REAL,States Are Learning What Happens to COVID-19 Cases If You Reopen Too Early
REAL,What to Know About Potential COVID-19 Treatment Remdesivir
REAL,Fighting Family Burnout During the COVID-19 Crisis
REAL,"Travel Bans, Quarantines Dont Stop COVID-19 Spread, but They Can Delay It"
REAL,Learn to Spot Fake Health News with These 5 Tips
REAL,People of Color Face Heightened Risks as COVID-19 Surges Again
REAL,"Not Sure You Have COVID-19? Here Are the Symptoms for Coronavirus, Flu, and Allergies"
REAL,FDA Says You Should Avoid These 9 Hand Sanitizers That Contain Toxic Methanol
REAL,"Why COVID-19 Cases, Hospitalizations Are Spiking in California"
REAL,More Young People Are Getting COVID-19: What That Means for the Outbreak
REAL,"No, Face Masks Cant Cause CO2 Poisoning"
REAL,People More Likely to Keep Their Distance If Youre Wearing a Mask
REAL,Is COVID-19 Triggering Type 1 and Type 2 Diabetes?
REAL,Q&A: Lenox Hill Doctor Discusses Netflix Series and Life in a New York City Emergency Room
REAL,Drug-Resistant Bacteria Can Be Hidden Danger for People with COVID-19
REAL,This Is Far from Over: Why We Need to Learn to Live with COVID-19
REAL,Lifelong Lung Damage: The Serious COVID-19 Complication That Can Hit People in Their 20s
REAL,Does Your Blood Type Increase Your Risk for Coronavirus?
REAL,How COVID-19 Disrupted Education and What Parents Can Do About It
REAL,7 Simple Ways to Protect Yourself from COVID-19 as You Leave Lockdown
REAL,"How This Utah Woman with Diabetes, Asthma, and MS Beat COVID-19"
REAL,"CDC Gives Guidelines for Travel, Cookouts"
REAL,"Home Monitoring Can Improve Health, Ease Anxiety for COVID-19 Patient"
REAL,"Why Your Gym, Dentist, or Hairdresser May Ask You to Sign a COVID-19 Liability Waiver"
REAL,The Consequences of Reopening Are Here: COVID-19 Cases on the Rise
REAL,Inexpensive Steroid May Help Treat Sickest COVID-19 Patients: What We Know
REAL,How COVID-19 Affects Children Compared to Adults
REAL,How to Reduce Your COVID-19 Risk During Your Daily Work Commute
REAL,COVID-19 Will Mutate  What That Means for a Vaccine
REAL,5 Simple Tips to Help Manage Social Anxiety After Leaving Lockdown
REAL,Rising COVID-19 in Arizona Could Be Warning Sign as States Reopen
REAL,Is a Hotel a Safe Place During COVID-19? Heres What to Look For
REAL,Why 1 in 4 Parents Are Hesitant to Have Their Children Vaccinated Against the Flu
REAL,Is the New Coronavirus Getting Weaker? What to Know
REAL,Will COVID-19 Finally Get Us to Take Our Diets Seriously?
REAL,"Yes, You Can Get COVID-19 from Someone Without Symptoms"
REAL,25% of People Believe Unproven Conspiracy Theories About COVID-19
REAL,Important Cancer Screenings Have Decreased During COVID-19
REAL,"If Youve Been in a Crowd, Should You Get Tested for COVID-19?"
REAL,False Hope? What Happens If a COVID-19 Vaccine Isnt Ready by Early Next Year
REAL,Heres Why COVID-19 Can Spread So Easily at Gyms and Fitness Classes
REAL,My Kid Is Immunocompromised. Heres How Life Has Changed During COVID-19
REAL,"Without Lockdowns, Another 60 Million People in U.S. Could Have Developed COVID-19"
REAL,"As Businesses Reopen, Here Are Some of the Highest Risk Places for COVID-19"
REAL,Nearly 20% of People Have Used Bleach on Food Due to COVID-19
REAL,Researchers Unveil the Best Ways to Lift COVID-19 Lockdowns
REAL,When Can I Start Hanging Out with My Friends Again?
REAL,Hot Weather May Make It Harder for the Coronavirus to Survive on Surfaces
REAL,People with Cancer Have to Choose Between Treatment and COVID-19 Risks
REAL,When Should You Get a COVID-19 Test? What About an Antibody Test?
REAL,Why More People Are Eating Plant-Based Protein During COVID-19
REAL,A Double Bubble Strategy Can Help During COVID-19: Heres How to Do It Properly
REAL,Dr. Anthony Fauci: COVID-19 Will End and We Will Get Control Over It
REAL,Wearing a Mask Can Help Us Get Out of Lockdown Safely
REAL,Why Companies Are Making Billions of COVID-19 Vaccine Doses That May Not Work
REAL,To the ICU and Back: How 3 People Overcame Severe Cases of COVID-19
REAL,COVID-19 Racing Through Nursing Homes: What Families Can Do
REAL,"Studies on Hydroxychloroquine Retracted, Early Evidence Lacking"
REAL,Why Swedens COVID-19 Strategy Cant Work in the U.S.
REAL,How Olympian Kerri Walsh Jennings Is Staying Healthy During COVID-19
REAL,The Places Youre Least Likely to Get COVID-19
REAL,Shortages of Antidepressant Zoloft Reported in the Midst of COVID-19 Pandemic
REAL,Lyme Disease and COVID-19 Can Share Similar Symptoms: How to Tell Them Apart
REAL,Why Wearing a Mask Is Important When Going to Protest
REAL,How One Nursing Home Stopped a COVID-19 Outbreak
REAL,What New CDC Guidelines Mean for Workplaces as They Reopen
REAL,What Life Is Like Waiting for an Organ Transplant During the COVID-19 Pandemic
REAL,Restaurants and COVID-19: How to Dine Safely at Your Favorite Place
REAL,How Reopenings Are Raising Fears Among People with Compromised Immune Systems
REAL,"Doctors Arent Just Fighting a Pandemic, but an Infodemic as Well"
REAL,Face Masks May Be Irritating Your Skin  How to Stop It
REAL,What to Know About COVID-19 Testing Right Now
REAL,"Yes, States Are Reopening. That Doesnt Mean the Pandemic Is Over"
REAL,Model Finds Midwest and Southern States at Risk for COVID-19 Surges as They Reopen
REAL,As Many as 80 Percent of People with COVID-19 Arent Aware They Have the Virus
REAL,Just One Person Can Transmit COVID-19 to Dozens in a Few Hours
REAL,How People Are Practicing Healthier Behaviors in the Face of COVID-19
REAL,People Who Test Positive for COVID-19 After Recovering Aren't Infectious
REAL,Is It Safe to Get Your Hair Cut or Your Nails Done Right Now?
REAL,Losing Sleep During COVID-19? Heres Tips on How and When to Exercise That Can Help
REAL,Is Now the Right Time to Get Your Annual Physical or Dental Cleaning?
REAL,Going to the Beach or Pool? What to Know About COVID-19 Risk
REAL,CDC Gives New Recommendations to Safely Reopen Amid COVID-19
REAL,Blacklight Videos Show How Easily COVID-19 Can Spread
REAL,Changes to Your Daily Routine During COVID-19 Can Make You Happier
REAL,COVID-19 Can Attack the Heart in Addition to the Lungs
REAL,What to Know About COVID-19 and Strokes
REAL,Can COVID-19 Damage Your Heart? Heres What We Know
REAL,Mouthwash Cant Replace a Mask for Stopping the Spread of COVID-19
REAL,What a Second Wave of Coronavirus in the Fall Could Look Like
REAL,A COVID-19 Vaccine by January? Heres Why Its Possible But Not Likely
REAL,COVID-19 at Work: How to Tell If Your Place of Employment Is Safe
REAL,When Will We Know If Reopening States Has Worked or Backfired?
REAL,Trump Is Taking Hydroxychloroquine: Why Experts Say You Shouldnt
REAL,The Pandemic Will Cause PTSD for Some. Heres What We Can Do About It
REAL,6 Feet May Not Be Enough: Wind May Carry Coronavirus Farther
REAL,COVID-19 Is Causing a Reduction in Child Vaccinations
REAL,"What to Know About PMIS, the COVID-19-Linked Syndrome Affecting Children"
REAL,Why Your Local Hospital Is Going Broke During a Pandemic
REAL,"Research on Diabetes, Cancer, Parkinsons Derailed by the COVID-19 Pandemic"
REAL,A Certain Type of N95 Mask May Do More Harm Than Good
REAL,Physical Distancing Was Just Supposed to Buy Us Time. Was It Enough?
REAL,Warm Weather Wont Stop the Spread of COVID-19
REAL,How to Fight the Spread of COVID-19 Misinformation on Social Media
REAL,What Tests for COVID-19 Antibodies Can and Cant Tell Us About the Disease
REAL,Coronavirus Found in Semen: Can It Be Sexually Transmitted?
REAL,Heres Why COVID-19 Is Much Worse Than the Flu
REAL,White House Cases Show How Easily COVID-19 Can Invade a Workplace
REAL,Remdesivir May Help Treat COVID-19. So Who Gets It First?
REAL,How to Manage IBD During the COVID-19 Outbreak
REAL,Rural America Could Be the Region Hardest Hit by the COVID-19 Outbreak
REAL,Job Loss Anxiety Could Be a Side Effect of COVID-19. Here Are Ways to Cope
REAL,How 4-Second Workouts Can Counteract Sitting All Day
REAL,What You Can Do If Theres a Shortage of Disinfectants in Your Area
REAL,Why COVID-19 is Hitting Men Harder Than Women
REAL,What We Can Learn from Countries That Have Already Reopened
REAL,How the Pandemic Is Motivating Me to Get Healthy
REAL,How You Can Help Protect the Health of Grocery Workers During COVID-19
REAL,What If Flu and COVID-19 Overlap? Australia Is Trying to Avoid That Scenario
REAL,Is the New Coronavirus Airborne? Here's What We Know
REAL,Retired MDs and Med Students Talk Working the COVID-19 Front Lines
REAL,What COVID-19 Is Doing to Our Mental Health
REAL,What to Consider Before You Try Quaranteaming
REAL,Temperature Checks Alone Arent Effective in Stopping COVID-19 Spread
REAL,How to Tell If the Hand Sanitizer Youre Buying Is Safe and Actually Works
REAL,Pets and COVID-19: Answers to All Your Questions
REAL,The Unusual COVID-19 Symptoms You Can Miss
REAL,6 Simple Tips for Effectively Organizing Your Kitchen During COVID-19
REAL,"High Blood Pressure Meds Dont Increase COVID-19 Risks, Study Finds"
REAL,COVID-19 Sheltering Can Make Things More Difficult for People with Eating Disorders
REAL,Delirium Is New Risk for COVID-19 Patients
REAL,Face Masks as a Fashion Accessory? Why We Should Encourage This Trend
REAL,Excess Deaths: People Who Are Dying Because of COVID-19  but Not from It
REAL,Can Air Conditioning Spread COVID-19? Probably Not
REAL,New Zealand Has Only 20 COVID-19 Deaths. Vietnam Has Zero. How They Succeeded
REAL,Should You Consider Taking Meds for Depression During COVID-19?
REAL,COVID-19 Is Causing Food Shortages. Heres How to Manage
REAL,How Contact Tracing Can Help Stop COVID-19
REAL,"Yes, Quarantine Fatigue Is Real. Heres How to Cope"
REAL,US Cities With Pro Sports See More Flu Deaths
REAL,COVID-19: Study Reports 'Staggering' Death Rate in U.S. Among Those Infected Who Show Symptoms
REAL,"Passive Immunization May Slow Down SARS-CoV-2 and Boost Immunity in Patients, Buying Time"
REAL,Controlled Human Infection Models and SARS-CoV-2 Vaccine Development
REAL,Using cellular networks to detect at-risk areas for spread of COVID-19
REAL,A potential new weapon in the war against superbugs
REAL,COVID-19 drug development could benefit from approach used against flu
REAL,Placentas from COVID-19-positive pregnant women show injury
REAL,Uncovering the Achilles heel of viruses
REAL,Estimating COVID-19 Spread by Looking at Past Trends of Influenza-Like Illnesses
REAL,"To Understand COVID-19, Researchers Review Aging, Immune Response to Viral Infections"
REAL,When COVID-19 Meets Flu Season
REAL,New Technology Can Detect Anti-Virus Antibody in 20 Minutes
REAL,SARS Lessons for COVID-19 Vaccine Design
REAL,New AI Diagnostic Can Predict COVID-19 Without Testing
REAL,Outpatient COVID-19 Clues
REAL,Activation of the SARS Coronavirus 2 Revealed
REAL,Timing of Immune Response to COVID-19 May Contribute to Disease Severity
REAL,Researchers Identify Multiple Molecules That Shut Down SARS-Cov-2 Polymerase Reaction
REAL,Lab-Grown 'Mini-Brains' Suggest COVID-19 Virus Can Infect Human Brain Cells
REAL,Hamsters Develop Protective Immunity to COVID-19 and Are Protected by Convalescent Sera
REAL,Controlled human infection models and SARS-CoV-2 vaccine development
REAL,COVID-19: Study shows virus can infect heart cells in lab dish
REAL,Tuberculosis cases and deaths predicted to spike due to COVID-19
REAL,Bacterial predator could help reduce COVID-19 deaths
REAL,Defining Paths to Possible Mother to Child Coronavirus Transmission
REAL,Early Pandemic Paradox: Fewer UK Deaths from December 2019 to March 2020 Compared to the Previous 5 Years
REAL,New Article Clarifies Details of COVID-19 Respiratory Transmission
REAL,New Adjuvant Successful in Extending Immunity Against HIV
REAL,Environmental Conditions Found to Affect Stability of Virus That Causes COVID-19
REAL,MMR Vaccine Could Protect Against the Worst Symptoms of COVID-19
REAL,Nanosponges Could Intercept Coronavirus Infection
REAL,Off-the-Shelf Tool for Making Mouse Models of COVID-19
REAL,"Oral Antibiotics Work, Shorten Hospital Stays for IV Drug Users With Infections"
REAL,Virus Co-Opts Immune Protein to Avoid Antiviral Defences
REAL,Researchers Identify Potent Antibody Cocktail to Treat COVID-19
REAL,"Maternal Transmission of COVID-19 to Baby During Pregnancy Is Uncommon, Study Finds"
REAL,Tuberculosis Vaccine Strengthens Immune System
REAL,Combination Drug Treatments for COVID-19 Show Promise in Cell Culture Tests
REAL,Super-Potent Human Antibodies Protect Against COVID-19 in Animal Tests
REAL,Face Masks Critical in Preventing Spread of COVID-19
REAL,A Protein That Helps to Fight Viruses Can Also Block Lung Damage Repair
REAL,Promising Path Found for COVID-19 Therapeutics
REAL,How Targeting Killer T Cells in the Lungs Could Lead to Immunity Against Respiratory Viruses
REAL,"COVID-19 Mouse Model Will Speed Search for Drugs, Vaccines"
REAL,Levels of SARS-CoV-2 RNA in Sewage Rose With COVID-19 Cases in Dutch Cities
REAL,We're Not All Equal in the Face of the Coronavirus
REAL,COVID-19 False Negative Test Results If Used Too Early
REAL,Putting COVID-19 Diagnostic Tests to the 'Test' -- How Do They Hold Up?
REAL,Methods to Inactivate and Safely Study SARS-CoV-2
REAL,"Survival of Coronavirus in Different Cities, on Different Surfaces"
REAL,Osteoporosis Treatment May Also Protect Against Pneumonia
REAL,COVID-19 Drug Development Could Benefit from Approach Used Against Flu
REAL,"Researchers Map SARS-CoV-2 Infection in Cells of Nasal Cavity, Bronchia, Lungs"
REAL,"Warmer Temperatures Slow COVID-19 Transmission, but Not by Much"
REAL,Universal Virus Detection Platform to Expedite Viral Diagnosis
REAL,Evolution of Pandemic Coronavirus Outlines Path from Animals to Humans
REAL,"Using Riboflavin, UV Light Reduces SARS-CoV-2 Pathogens in Plasma, Whole Blood"
REAL,Researchers Flag Similarities Between COVID-19 Deaths and Severe Rheumatic Illnesses
REAL,Low Vaccination Rates and 'Measles Parties' Fueled 2019 Measles Outbreak in NYC
REAL,Beware of False Negatives in Diagnostic Testing of COVID-19
REAL,Immunity to Coronaviruses: What Do We Know So Far?
REAL,Uncovering the Achilles Heel of Viruses
REAL,Emerging Viral Diseases Causing Serious Issues in West Africa
REAL,"Antiviral Drug Can Speed Up Recovery of COVID-19 Patients, Study Shows"
REAL,Further Evidence Does Not Support Hydroxychloroquine for Patients With COVID-19
REAL,Detailed Analysis of Immune Response to SARS-CoV-2 Bodes Well for COVID-19 Vaccine
REAL,Can COVID-19 Spread Through Fecal Matter?
REAL,Study Confirms Cats Can Become Infected With and May Transmit COVID-19 to Other Cats
REAL,"In Victory Over Polio, Hope for the Battle Against COVID-19"
REAL,The Challenges of Developing a Safe and Effective COVID-19 Vaccine
REAL,COVID-19 May Compound the Social and Economic Burdens of Parkinson's Disease
REAL,Testing Suggests 3 Percent of NHS Hospital Staff May Be Unknowingly Infected With Coronavirus
REAL,Coronavirus Infection in Children -- It May Not Start With a Cough
REAL,"Coordinated Strategy to Accelerate COVID-19 Vaccine Candidates Is Key, Experts Say"
REAL,Blood Test a Potential New Tool for Controlling Infections
REAL,New Triple Antiviral Drug Combination Shows Early Promise for Treating COVID-19 in Phase 2 Randomized Trial
REAL,Newly Discovered Cell Type Plays Crucial Role in Immune Response to Respiratory Infections
REAL,Pangolins May Possess Evolutionary Advantage Against Coronavirus
REAL,Repurposing Existing Drugs for COVID-19 Offers a More Rapid Alternative to a Vaccine
REAL,Tobacco Smoking Increases Lung Entry Points for COVID-19 Virus
REAL,"Bat 'Super Immunity' May Explain How Bats Carry Coronaviruses, Study Finds"
REAL,Dual Personalities Visualized for Shape-Shifting Molecule
REAL,"Sewage Poses Potential COVID-19 Transmission Risk, Experts Warn"
REAL,Towards Antibodies Against COVID-19
REAL,Mutations in SARS-CoV-2 Offer Insights Into Virus Evolution
REAL,Supercomputer Simulations Present Potential Active Substances Against Coronavirus
REAL,Two Drugs Show Promise Against COVID-19
REAL,Intensive Farming Increases Risk of Epidemics
REAL,Study to Determine Incidence of Novel Coronavirus Infection in U.S. Children Begins
REAL,Coronavirus SARS-CoV-2 Infects Cells of the Intestine
REAL,Wildfire Smoke Has Immediate Harmful Health Effects
REAL,Undersized Airways May Explain Why Nonsmokers Get COPD
REAL,Shining Light on a Malignant Lung Cancer
REAL,A protein that helps to fight viruses can also block lung damage repair
REAL,Reducing severe breathlessness and psychological trauma in COVID-19 ARDS survivors
REAL,Osteoporosis treatment may also protect against pneumonia
REAL,"Researchers map SARS-CoV-2 infection in cells of nasal cavity, bronchia, lungs"
REAL,Mouse model mimics SARS-CoV-2 infection in humans
REAL,"Machine that oxygenates blood may help critically ill COVID-19 patients, according to study"
REAL,How COVID-19 Kills
REAL,COPD and Smoking Associated With Higher COVID-19 Mortality
REAL,"Pediatric Coronavirus Disease (COVID-19) X-Ray, CT in Review of New Lung Disorders"
REAL,NIH investigators hope CD47 study leads to broad-spectrum infectious diseases immunotherapy
REAL,Experts identify steps to expand and improve antibody tests in COVID-19 response
REAL,NIH halts clinical trial of hydroxychloroquine
REAL,All of Us Research Program launches COVID-19 research initiatives
REAL,NIH launches analytics platform to harness nationwide COVID-19 patient data to speed treatments
REAL,NIH researchers identify key genomic features that could differentiate SARS-CoV-2 from other coronaviruses that cause less severe disease
REAL,NIH-funded study to evaluate drugs prescribed to children with COVID-19
REAL,Microglia in the olfactory bulb have a nose for protecting the brain from infection
REAL,Study identifies potential approach to treat severe respiratory distress in patients with COVID-19
REAL,Peer-reviewed data shows remdesivir for COVID-19 improves time to recovery
REAL,NIH-funded study to investigate pregnancy outcomes resulting from COVID-19 pandemic
REAL,NIH Director: Defeating COVID-19 requires unprecedented action and collaboration
REAL,Investigational ChAdOx1 nCoV-19 vaccine protects monkeys against COVID-19 pneumonia
REAL,NIH begins clinical trial of hydroxychloroquine and azithromycin to treat COVID-19
REAL,"Coordinated strategy to accelerate multiple COVID-19 vaccine candidates is key, NIH experts say"
REAL,NIH clinical trial testing antiviral remdesivir plus anti-inflammatory drug baricitinib for COVID-19 begins
REAL,NIH-supported research survey to examine impact of COVID-19 on rare diseases community
REAL,NIH Statement on World Asthma Day 2020
REAL,Study to determine incidence of novel coronavirus infection in U.S. children begins
REAL,COVID-19: What MNT's experts want you to know now
REAL,Why are some people at greater risk of severe COVID-19?
REAL,My experience battling COVID-19 - Medical News Today
REAL,How deadly is coronavirus (COVID-19)? Research and more
REAL,COVID-19: Study highlights sources of misinformation
REAL,COVID-19 emergency measures 'made a profound difference'
REAL,Hope against COVID-19: Drug cuts deaths by a third and other
REAL,COVID-19: Drug targets enzymes that enable virus to invade
REAL,Popular COVID-19 videos on YouTube misinform the public
REAL,"Older men less worried about COVID-19, study suggests"
REAL,5 new reasons for hope in the fight against COVID-19
REAL,Black people four times as likely to test positive for COVID-19
REAL,COVID-19: Could gut bacteria be involved?
REAL,Food industry 'shares blame' for severity of COVID-19 pandemic
REAL,Can antibiotics treat COVID-19 (coronavirus) plus other
REAL,Can COVID-19 trigger diabetes? - Medical News Today
REAL,Study suggests a protein may predict severe COVID-19
REAL,How long does it take for COVID-19 (coronavirus) symptoms
REAL,What are the early symptoms of coronavirus (COVID-19)?
REAL,COVID-19: 3-drug combo treatment may be successful
REAL,COVID-19: Scientists identify promising drug candidates
REAL,The effect of the COVID-19 pandemic on primary healthcare
REAL,COVID-19: Herd immunity may occur sooner than previously
REAL,Is coronavirus airborne? COVID-19 transmission
REAL,How does the COVID-19 pandemic affect older adults?
REAL,COVID-19: How many strains of the new coronavirus are there?
REAL,'A no-win situation'  Expert weighs in on COVID-19 racial
REAL,"COVID-19: New drug candidates, treatments offer reasons for"
REAL,Tests may miss more than 1 in 5 COVID-19 cases
REAL,Can vitamin C prevent or treat COVID-19 (coronavirus)?
REAL,COVID-19 symptoms in kids: What do children experience?
REAL,Alcohol and coronavirus (COVID-19): Myths and effects on the
REAL,COVID-19 patients experience neurological symptoms
REAL,ACTION trial: Could azithromycin help treat COVID-19?
REAL,COVID-19: First bowel imaging study implicates blood clots
REAL,Convalescent plasma therapy for COVID-19: Why is it
REAL,Thrombosis expert on COVID-19: 'I've never seen such sticky
REAL,What treatments are there for the novel coronavirus (COVID
REAL,Scientist warns against fast-tracking COVID-19 vaccine trials
REAL,Latest evidence on obesity and COVID-19
REAL,Dementia genotype may increase COVID-19 vulnerability
REAL,COVID-19 symptoms in babies: Signs to watch for
REAL,Racial inequalities in COVID-19  the impact on black
REAL,"'We don't have a health system': Expert on prisons, race, and"
REAL,"COVID-19 antigen test could give quick results, but is not"
REAL,COVID-19: How the world is coping with restrictive measures
REAL,5 Persistent myths about coronavirus and why they are untrue.
REAL,'Increasing concern' over COVID-19 race-related disparities
REAL,Diabetes and COVID-19 in-hospital mortality rates
REAL,"Latinx people more vulnerable to COVID-19, US study finds"
REAL,How to make face masks for (coronavirus) covid-19
REAL,Novel coronavirus: What we know so far - Medical News Today
REAL,COVID-19: Cancer drug may quench inflammation in severely
REAL,PTSD and coronavirus (COVID-19): Symptoms and how to cope
REAL,Why COVID-19 ICU patients may face risk of heart issues
REAL,"Antibody tests for COVID-19: What are they, and what do they"
REAL,Mouthwash may reduce spread of the new coronavirus
REAL,Study identifies possible antibody to new coronavirus
REAL,Depression and COVID-19: Tips on management and how to
REAL,Impact of COVID-19 on US hospitals worse than predicted
REAL,Coronavirus and pregnancy: What to know
REAL,What face mask to use during the COVID-19 pandemic
REAL,COVID-19: FDA grant remdesivir emergency use after
REAL,Air pollution decreased in China during initial response to
REAL,The dual effects of COVID-19 lockdowns on air quality
REAL,New COVID-19 antibody test may reflect virus immunity more
REAL,Widespread face mask use can control COVID-19 outbreak
REAL,Autism and COVID-19: Management and seeking help
REAL,"COVID-19, fighting breast cancer, and mental health counseling"
REAL,Hypochondria and COVID-19: Managing health anxiety
REAL,COVID-19: Ethnicity may raise mortality risk
REAL,COVID-19 and asthma: Risks and precautions
REAL,How to care for someone with depression during the COVID
REAL,COVID-19: Cost of care puts off 1 in 7 people from seeking
REAL,COVID-19: AI tool speeds up scientific review process
REAL,How to cope during the novel coronavirus (COVID-19) pandemic
REAL,Antibody from SARS survivor's blood neutralizes new
REAL,Convalescent plasma appears safe for treating COVID-19
REAL,New study warns of COVID-19 impact on cardiovascular health
REAL,56% of pregnant women in hospital for COVID-19 black
REAL,ADHD and COVID-19: Tips and how to manage it
REAL,Scientists discover unique mutation of new coronavirus
REAL,"COVID-19: Antibodies, testing, and how the body develops"
REAL,Untested COVID-19 therapies may do more harm than good
REAL,How the pandemic is affecting mental health in diverse US
REAL,Pooling samples could accelerate new coronavirus testing
REAL,Should people take vitamin D to ward off the new coronavirus?
REAL,Bipolar and COVID-19: Tips on management and how to cope
REAL,Agoraphobia and COVID-19: Triggers and support
REAL,Duo of antiviral drugs strongly inhibits SARS-CoV-2 in the lab
REAL,"Social anxiety and COVID-19: Signs, impact, and how to cope"
REAL,OCD and COVID-19: Triggers and how to cope with them
REAL,Schizophrenia and COVID-19: Management and support
REAL,"Eating disorders and COVID-19: Triggers, coping, and support"
REAL,Could a novel UV light device inactivate SARS-CoV-2 on
REAL,"No link between hypertension drugs and COVID-19 risk, study"
REAL,First human trial of SARS-CoV-2 vaccine: Initial results in
REAL,What material is best for homemade masks?
REAL,"Can hydroxychloroquine treat COVID-19? Findings, research"
REAL,4045% who contract new coronavirus are asymptomatic
REAL,People who smoke may have more receptors for the new
REAL,Close relative of SARS-CoV-2 found in bats
REAL,Why we need more research on animal infection with the new
REAL,'Nanosponges' act as a decoy for the new coronavirus
REAL,"'Summer is not going to make this go away,' study concludes"
REAL,Coronavirus (COVID-19) origin: Cause and how it spreads
REAL,The new coronavirus may spread more easily in crowded homes
REAL,No evidence that mutations to SARS-CoV-2 increase
REAL,"Cytokine release syndrome: Symptoms, treatment, and COVID"
REAL,Best available evidence supports physical distancing and face
REAL,New drug candidate against the novel coronavirus
REAL,Donating blood during a pandemic - Medical News Today
REAL,Temperature has 'modest' effect on SARS-CoV-2 transmission
REAL,Coronavirus vs. flu: How to tell the difference
REAL,How do people cope with the pandemic? Survey reveals
REAL,Racial inequalities in health: What MNT's experts want you to
REAL,How to care for someone with dementia: Tips and seeking help
REAL,US distancing measures stabilized but did not reduce SARS
REAL,Coronavirus and blood clots: Why does coronavirus cause
REAL,DNA of virus spread across hospital ward in 10 hours
REAL,What can healthcare staff do to prevent PTSD during the
REAL,The importance of regulating mood with activities during
REAL,Empathy and misinformation: An open letter to healthcare
REAL,"SARS: Causes, symptoms, and prevention"
REAL,"How long does a sore throat last? Causes, duration, and"
REAL,"Halotherapy: Benefits, side effects, and risks"
REAL,How the pandemic is influencing the mental health of caregivers
REAL,"Cabin fever: Definition, symptoms, and how to cope"
REAL,"What is contact tracing, and does it work? - Medical News Today"
REAL,Microbiome may mediate link between climate change and
REAL,Letter from the Editor: A week of bitter truths
REAL,"Sore throat and headache: Causes, treatment, and prevention"
REAL,Managing depression during quarantine - Medical News Today
REAL,Mayo Clinic experts to help guide Delta Air Lines COVID-19 safety measures
REAL,Mayo Clinic launches advanced care at home model of care
REAL,Mayo Clinic receives $26 million from BARDA for COVID-19 convalescent plasma expanded access program
REAL,Mayo Clinic Anxiety Coach e-tool to help children with mental health concerns
REAL,Mayo hospitals again receive A grades for patient safety
REAL,Cleveland Clinic Researchers Develop First Model to Predict Likelihood of Testing Positive for COVID-19 and Outcomes from the Disease
REAL,How Many More Will Die From Fear of the Coronavirus?
REAL,Cleveland Clinic Akron General to Open COVID-19 Testing Site in Akron
REAL,"Cleveland Clinic Sends Caregivers To New York, Michigan To Assist In COVID-19 Efforts"
REAL,Cleveland Clinic Launches Initiative to Assist Employers in Safely Returning to Work
REAL,Leading the Way in Innovative Research for COVID-19 Patients
REAL,Air Force Reserve Salutes COVID-19 First Responders and Front-Line Caregivers with Flyover
REAL,"As Services Resume, Our Hospitals Remain Safe: A Message from Cleveland Clinic CEO, President Tom Mihaljevic, M.D."
REAL,Cleveland Clinic Resumes Services Paused During COVID-19 Pandemic
REAL,Broadway Shutdown Extended Through Early 2021
REAL,EU Bars U.S. Travelers in Reopening Plan
REAL,"Daily COVID-19 Cases Could Rise to 100,000"
REAL,FBI: Beware of Scammers Selling Fake COVID-19 Antibody Tests
REAL,Northeast Adds 8 More States to Quarantine List
REAL,"Bars in LA, Beaches in Florida Close for July 4"
REAL,"Amid Pandemic, Too Many Americans Are Hesitating to Call 911"
REAL,Mask Up! Don't Let Down Your Guard Against COVID-19
REAL,"Woman Beats COVID, Celebrates 100th Birthday"
REAL,Hardest-Hit States See Long COVID-19 Testing Lines
REAL,Texas Governor Regrets Early Bar Reopening
REAL,Poll Shows More Americans Now Fear the Virus
REAL,U.S. Rural Areas Also See COVID-19 Increases
REAL,"Fauci Urges Mask Use, Says Young at Great Risk"
REAL,Studies Detail Syndrome in Kids Linked to COVID
REAL,COVID-19 Fallout: Tons of Trash
REAL,Rising Cases Sparks More Face Mask Requirements
REAL,What COVID Means To Those Who Can't Work At Home
REAL,Hispanic Americans Being Hit Hard By COVID-19
REAL,Americans are Moving at Pre-Pandemic Levels
REAL,"Almost 180,000 U.S. COVID-19 Deaths by Oct. 1"
REAL,U.S. Infections Likely 10 Times Higher
REAL,Texas Gov. Pauses Economic Reopening
REAL,Herd Immunity Threshold Could Be As Low As 43%
REAL,Rethinking Youth Suicide Prevention During COVID
REAL,NBA to Use High-Tech Rings to Help Detect COVID-19
REAL,Is It Safe to Go Out to Eat?
REAL,Airports Asks Congress for Face Mask Policies
REAL,Early CDC COVID-19 Test Kits 'Likely Contaminated'
REAL,Largest Single-Day Jump in COVID-19 Cases Reported
REAL,Inhaled Version of Remdesivir Gets Clinical Trials
REAL,COVID Spreads Quickly in Crowded Homes
REAL,Severe COVID Ups Odds for Heart Conditions 10-Fold
REAL,Does COVID-19 Trigger New Cases of Diabetes?
REAL,"Despite Predictions, Loneliness Not Rising for Americans Under Lockdown"
REAL,"More States, Cities Require Face Masks in Public"
REAL,WHO Says COVID-19 Is Accelerating
REAL,Big Surprise Medical Bills for COVID Survivors
REAL,CDC Says COVID-19 Numbers Increasing Again
REAL,Theaters Reopening in July With Mask Guidelines
REAL,COVID-19 Antibodies Can Disappear After 2-3 Months
REAL,California Now Requires Face Masks in Public
REAL,Florida Could Be Next COVID-19 Epicenter
REAL,Arizona is Worst Off Right Now
REAL,Dad Meets Newborn Son Weeks After Surviving COVID-19
REAL,Is It Safe to Play Sports?
REAL,"Mosquito, Tick Populations Unchecked Amid COVID-19"
REAL,Only 3 States On Track to Contain Coronavirus
REAL,COVID Surges Among Young Adults
REAL,Can Kids Go To Summer Camp? Expert Offers Advice
REAL,COVID Survivor Blood Transfusion a Safe Treatment
REAL,Cancer Drug Might Help Curb Severe COVID-19
REAL,Minority Medicare Patients Hospitalized More Often
REAL,Masks No Longer Required in West Wing
REAL,How COVID is Affecting U.S. Food Supply Chain
REAL,How Well Do Americans Know the Facts About COVID?
REAL,Black Atlanta COVID-19 Patients Hospitalized More
REAL,NYC to Enter Phase Two of Reopening Plan on Monday
REAL,"Americans at Unhappiest Level in 50 Years, Study Says"
REAL,Beijing Schools Close During New COVID-19 Outbreak
REAL,Low-Dose Radiation Therapy May Help COVID Patients
REAL,Honduras President Tests Positive for COVID-19
REAL,"Couple, 90, Reunites After Wife Beats COVID-19"
REAL,Blood Type Could Impact Odds for Severe COVID-19
REAL,Half of Coronavirus Infections May Be Asymptomatic
REAL,Masks and Summer Heat: Expert Tips
REAL,Texas a COVID Hotspot as State Reopens
REAL,Antibodies Tested as Possible COVID Treatment
REAL,People Under 20 Less Likely to Get Coronavirus
REAL,No Distancing or Masks Required at Trump Rally
REAL,When the Fight Against COVID-19 Is at Home
REAL,Pandemic 'Silver Lining:' Better Sleep for Some
REAL,1 in 5 Has Health Issues That Impact COVID-19
REAL,Fauci Says Normal Life a 'Year or So' Away
REAL,Forecasts Say That 60-70% Will be COVID Infected
REAL,COVID-19 Antibody Testing for Blood Donations
REAL,FDA Withdraws Authorization for Hydroxychloroquine
REAL,Hydroxychloroquine-Remdesivir Combo Dangerous: FDA
REAL,Study: Common Steroid May Help Serious COVID Cases
REAL,Jailing Practices Are Fueling COVID-19 Spread
REAL,Dental Appointments Won't Be the Same in COVID Era
REAL,"How to Cope When COVID Steals Loving Touch, Hugs"
REAL,Lockdowns Making Things Worse for Obese Americans
REAL,USDOT Providing Travelers 100 Million Face Masks
REAL,"As Summer Begins, CDC Updates Social Guidelines"
REAL,Players Express Concern As NBA Eyes Restart
REAL,"As Many as 140,000 COVID-19 Deaths by July 4"
REAL,New COVID-19 Outbreak Locks Down Beijing District
REAL,COVID-19 Can Start With Neurological Symptoms
REAL,Pandemic Causing Havoc for Kids With ADHD
REAL,Male Baldness May Increase Severe COVID-19 Risk
REAL,COVID-19 Cases Rebound Across the South and West
REAL,"Schools, Parents, Teachers Grapple With Reopening"
REAL,Poll: Most Educators Wary of Fall School Reopening
REAL,"DIY COVID Tests Work Fine, Less Discomfort"
REAL,Is It Safe to Go to the Pool?
REAL,African Americans Know More COVID-19 Victims
REAL,Moderna Phase 3 COVID-19 Testing Starting in July
REAL,Lung Transplant Performed in COVID-19 Patient
REAL,COVID-19 Treatment Could Get Approval By September
REAL,Missouri Hairstylists Not linked to COVID-19 Cases
REAL,That Cough or Sneeze Behind You Might Not Be COVID
REAL,"COVID-19 in Pregnancy, Worse C-Section Outcomes"
REAL,Survey Shows How Couples Cope During Lockdown
REAL,United Airlines Passengers Questioned About Health
REAL,Widespread Face Mask Use Could Control Second Wave
REAL,CPR Still Encouraged During COVID-19 Pandemic
REAL,19 States Report Increase in COVID-19 Cases
REAL,Moscow Lifts COVID-19 Stay-at-Home Orders
REAL,Stay Connected With Loved Ones in Nursing Homes
REAL,"COVID, Racism Are Dual Crises for Black Americans"
REAL,Pandemic Is Changing Your Next Doc Appointment
REAL,COVID-19 Vaccine: Latest Updates
REAL,Fauci Warns That Pandemic Isnt Over Yet
REAL,COVID-19 May Have Spread in China in August
REAL,COVID-19 Vaccine Will Probably Require Two Doses
REAL,The Lancet Retracts Hydroxychloroquine Study
REAL,Protesters Take Precautions as Experts Fear COVID Surge
REAL,COVID Cases Rise in South and West Amid Protests
REAL,George Floyd Tested Positive for COVID-19
REAL,Pets: Big Pandemic Stress Reducers
REAL,'Psychological Distress' Tripled During Pandemic
REAL,"DIY COVID Tests Work Fine, Less Discomfort: Study"
REAL,Black Children Hit Especially Hard by COVID-19
REAL,"COVID-19: Loss of Smell, Taste Might Be Long-Term"
REAL,UK Scientists Test Ibuprofen as COVID-19 Treatment
REAL,Poll Shows 7 in 10 Would Get COVID-19 Vaccine
REAL,Are Symptoms From COVID-19 or Seasonal Allergies?
REAL,Repercussions From Antibiotics Overuse During Pandemic
REAL,FDA Places Zoloft on Shortage List
REAL,Claims of a Weaker COVID-19 Virus Disputed
REAL,"Congo Facing Ebola, COVID and Measles All at Once"
REAL,MRIs Show COVID-19 May Invade the Brain
REAL,Domestic Violence Rises Under Stay-at-Home Rules
REAL,Plasma Therapy Helps Critically Ill COVID Patients
REAL,Study on Hydroxychloroquine for COVID Questioned
REAL,What's Behind Severe Kids' Illness After COVID-19?
REAL,Vulnerable Groups Weigh Risks as Country Reopens
REAL,COVID-19 Exacts Emotional Toll on Doctors
REAL,"COVID-19 Cases Drop in Warm Weather, But Not Much"
REAL,Shortages of Hydroxychloroquine for Lupus Patients
REAL,New Human Trials of COVID-19 Antibody Treatment
REAL,Majority Want Virus Curbed Over Economy Reopening
REAL,Remdesivir Shows Small Benefit in COVID-19 Trial
REAL,"Viral, Antibody Test Number Policy Sows Confusion"
REAL,Antibody Tests May Answer Public Health Questions
REAL,Stay-at-Home Orders Could Mean More Obese Kids
REAL,What Will It Take to Reopen Offices Safely?
REAL,U.S. Spread of COVID-19 Likely Began in January
REAL,Moderna Starts Phase Two of COVID-19 Vaccine Study
REAL,COVID Rates Lower Than Thought for Pregnant Women
REAL,"Postponed Surgeries Resume, Stretching Hospitals"
REAL,States Adjust Their Hurricane Plans for COVID-19
REAL,Mass Protests Could Cause COVID-19 Outbreaks
REAL,1 in 10 Hospitalized Diabetic COVID Patients Dies
REAL,DVT Clots Strike Critically Ill COVID-19 Patients
REAL,Phased Disney World Reopening Starting July 11
REAL,Pandemic Can Overwhelm Those With Autism
REAL,Half of Americans Say Theyd Get COVID-19 Vaccine
REAL,U.S. Imposes Travel Ban on Brazil
REAL,Quarantine Urged for Lake of the Ozarks Partiers
REAL,WHO Pauses Hydroxychloroquine Clinical Trial
REAL,Aerosol Scientist: COVID-19 Is Likely Airborne
REAL,COVID-19 Virus Found in Stool May Be Infectious
REAL,COVID and Sleep: Sweet Dreams Arent Made of This
REAL,Alzheimer's Gene Linked to Severe COVID-19 Risk
REAL,Clotting Tied to COVID-19 May Harm the Placenta
REAL,Can You Catch COVID-19 Through Your Eyes?
REAL,Nursing Homes Are Ground Zero for COVID-19
REAL,Getting Back to Work Safely After Lockdown
REAL,White House Updates COVID-19 Testing Strategy
REAL,Remdesivir Speeds Recovery for COVID-19 Patients
REAL,Sales of Drug Trump Touted Rise Sharply
REAL,Restart Guidelines for TV and Film in Georgia
REAL,NY Has First Day With Under 100 COVID-19 Deaths
REAL,"VA Reports More Than 1,000 Deaths From COVID-19"
REAL,Coronavirus Puts UV in the Disinfectant Spotlight
REAL,Childhood Vaccination Rates Drop During Pandemic
REAL,How Will COVID Change the Workplace?
REAL,"More Vitamin D, Lower Risk of Severe COVID-19?"
REAL,Disney: Shopping Area in Florida Reopens This Week
REAL,HHS Chief: Reopening a Very Localized Decision
REAL,"Men Say Masks Not Cool, Less Likely to Wear Them"
REAL,Trump Gives Details About COVID-19 Vaccine Project
REAL,Wisconsin Bars Full As Stay-Home Order Struck Down
REAL,People Mount Strong Immune Responses to COVID-19
REAL,More USS Roosevelt Sailors Test Positive Again
REAL,FDA Authorizes First at-Home COVID-19 Sample Kit
REAL,The Fellows Behind the COVID-19 Literature Updates
REAL,"COVID-19 Daily: First Vaccine Data, Antibody Test Issues"
REAL,COVID-19 Severity in Pregnancy Appears Lower Than H1N1
REAL,COMMENTARY: Are COVID-19 Antibody Results Overly Optimistic?
REAL,Telephone vs Telemedicine: Code and Bill Correctly During COVID-19
REAL,WebMD Poll: Many Report Weight Gain During Shutdown
REAL,COMMENTARY: A Quick Summary of the COVID-19 Literature So Far
REAL,UK Trial Tests Whether Dogs Can Sniff Coronavirus
REAL,Rare Inflammatory Condition Occurring in Children
REAL,America's Prisons Are Breeding Grounds for COVID
REAL,Vaccine Protects Monkeys Against COVID-19
REAL,COVID-19 May Trigger Rare Complication In Children
REAL,Largest Study to Date Links Glucose Control to COVID-19 Outcomes
REAL,"COVID-19 Daily: High-Risk Specialties, Flu Comparisons"
REAL,Some Data May Be Worse Than No Data in the COVID Era
REAL,COMMENTARY: Treating Liver Disease During COVID-19: New Recommendations
REAL,"Comparing COVID-19, Flu Death Tolls 'Extremely Dangerous'"
REAL,Which Specialties Are at Highest Risk for Contracting COVID-19?
REAL,"COVID-19 Will Likely Change Docs' Incentive Targets, Bonuses"
REAL,"Smell Diminishes by Day 3 of COVID-19, Study Says"
REAL,COVID-19 Can Infect and Harm Digestive Organs
REAL,"COVID-19 Daily: Hazard Pay, Dangerous Mistakes"
REAL,New Focus on Renin-Angiotensin System Role in COVID-19
REAL,COMMENTARY: COVID-19 Data Dives: The High Cost of Herd Immunity
REAL,Hazard Pay in New COVID-19 Relief Bill Likely a 'Pipe Dream'
REAL,COVID-19: What Will Happen to Physician Income This Year?
REAL,Skin Changes With COVID-19: What We Know and Don't Know
REAL,Inhaled Nitric Oxide Explored for COVID-19 Oxygenation
REAL,"Ophthalmology Practices Hit Hard by COVID-19 Closures, Changes"
REAL,Life After COVID-19: The Road To Recovery
REAL,Teacher Creates Special Suit to Hug Her Students
REAL,Nervous About Returning to Work? COVID Precautions
REAL,Trials Test Survivors' Blood as COVID-19 Treatment
REAL,"As States Reopen, Fauci Warns Outbreaks Inevitable"
REAL,FDA Issues Alert on Accuracy of Abbott ID NOW Rapid Test
REAL,Stay-at-Home Orders Correlated With Slower COVID-19 Spread
REAL,COMMENTARY: Making the Case for PPE
REAL,Pfizer: COVID-19 Vaccine Could Arrive in October
REAL,L.A. Mayor: All Residents Must Wear Masks
REAL,Limited Reopenings at Many National Parks
REAL,"COVID-19 Deaths Top 300,000 Worldwide"
REAL,COVID-19 Is More Severe in Smokers
REAL,What to Know About Coronavirus Testing
REAL,States Not Hitting Testing Goals; Feds Promise Aid
REAL,COVID-19: Millions of Older Americans Going Hungry
REAL,COVID Test Used at White House Often Wrong
REAL,L.A. Could Keep Stay-at-Home Order Through Summer
REAL,Countries Renew Restrictions As COVID Spikes
REAL,Group Screening Could Help COVID-19 Test Shortages
REAL,1 in 4 YouTube Videos Mislead Viewers About COVID
REAL,COMMENTARY: COVID-19 Data Dives: Volunteering to Get Coronavirus?
REAL,Coronavirus Social: A Twitter Thumbs Up for Docs Who Rock
REAL,European Society of Cardiology 2020 Congress Goes Virtual
REAL,COMMENTARY: COVID-19: Why We Can't Test Our Way Out of This
REAL,Alcohol Abuse Agitated by COVID-19 Stirring Liver Concerns
REAL,"COVID-19 Daily: ER Docs Procure PPE, Earlier Pandemic Start"
REAL,Meat Shortage Forces Some Wendys Menu Changes
REAL,Frances First COVID-19 Patient Was in December
REAL,COVID-19 Leaves U.S. Hospitals in Financial Crisis
REAL,Inhaler Use Up During Coronavirus Pandemic
REAL,Study Will Track Coronavirus in Kids and Family
REAL,Cellphones Are 'Trojan Horses' for Viruses
REAL,"Dont Skip Vital Care, Babies Shots, Doctors Warn"
REAL,Remdesivir Donated to Treat COVID-19 Patients
REAL,FDA OKs Emergency Use of Roche Antibody Test
REAL,"U.S. June Forecast of 3,000 Daily COVID-19 Deaths"
REAL,Defiant Crowds Prompt Miami Beach Park Closure
REAL,FDA Tightens Rules on Antibody Testing
REAL,Coronavirus Social: Nurses Behaving Badly on TikTok
REAL,More Guidance on Inpatient Management of Blood Glucose in COVID-19
REAL,Early Oxygen Therapy Vital for Pregnant Patients With COVID-19
REAL,"I Want to Retire, But Just Can't Say Goodbye"
REAL,"COVID-19 Daily: Skin Manifestations, HCQ Heart Rhythm Risks"
REAL,COMMENTARY: No Better Time to Thank Our Nurses
REAL,COVID-19 Data Dives: Good Serosurveys Are Needed. Not All Are Good
REAL,"PTSD Can Strike Nurses, Especially During COVID-19"
REAL,Beauty Industry Group Sues Over Shop Closings
REAL,States Ramp Up Contact Tracing Amid Reopening
REAL,Organ Transplants Plummet During COVID-19 Crisis
REAL,"After Possible Exposure, Pence wont Self Isolate"
REAL,White House and CDC at Odds Over Airport Screening
REAL,Trump Says Not Everyone Should Be Tested
REAL,COVID-19 Cuts Stroke Cases Nearly 40% Nationwide
REAL,"COVID-19 Daily: Fauci Testifies, HCQ Trials Lack ECG"
REAL,Coronavirus Social: Twitter Hustles to Verify Physicians
REAL,COVID-19 Triggers New Bariatric/Metabolic Surgery Guidance
REAL,COVID-19 Fears Tied to Dangerous Drop in Child Vaccinations
REAL,COVID-19 Lockdown Increases Child Abuse Risk
REAL,Stomach Ills May Signal COVID-19 in Kids
REAL,Blood Yields Clue to Why COVID Is Tougher on Men
REAL,FDA Oks COVID Test Using Gene-Editing Technology
REAL,Can Schools Really Reopen Safely?
REAL,Pangolins May Hold Clues to How COVID-19 Began
REAL,Doctors update warning signs of severe COVID
REAL,Don't Expect a Baby Boom After Pandemic Lockdowns
REAL,Food Plant Personnel Covid-19 Deaths Reported
REAL,PTSD May Plague Many COVID-19 Survivors
REAL,Virus Found in Semen of COVID-19 Survivors
REAL,Trump Says Coronavirus Task Force Will Remain
REAL,"Endocrinologists Navigate Deferments, Telehealth Amid COVID-19"
REAL,COMMENTARY: COVID-19: Be Wary of Those Racing to Fill the Therapeutic Void
REAL,SARS-CoV-2 in Semen of COVID-19 Patients?
REAL,What Day Is It? This Is Your Brain on Quarantine
REAL,COMMENTARY: Can We Measure COVID-19 Seroprevalence With a Flawed Ruler?
REAL,COVID-19: 8 Steps for Getting Ready to See Patients Again
REAL,"COMMENTARY: The Links Between COVID-19 and Diabetes, Known and Unknown"
REAL,"COVID-19 Daily: Male Vulnerability, Semen Study"
REAL,Evidence Builds Linking Anticoagulation to COVID-19 Survival
REAL,Androgens May Explain Male Vulnerability to COVID-19
REAL,"100 Days Into COVID-19, Where Do We Stand?"
REAL,Pfizer Starts Clinical Trials of COVID-19 Vaccine
REAL,Supreme Court Justice Ginsburg Home From Hospital
REAL,Blood Thinners Could Boost COVID-19 Survival
REAL,"Gay Blood Donors: Eager to Help, but Face Barriers"
REAL,Stars Read to Kids During the Coronavirus Pandemic
REAL,Will Warmer Temps Help Contain Coronavirus?
REAL,Texas Gov. Frees Jailed Salon Owner
REAL,Illness in Dozens of Children May Be Tied to COVID
REAL,A Trump Valet Tests Positive for COVID-19
REAL,COMMENTARY: Med Students Aren't Prepared for Virtual Clinical Exams
REAL,Mental Health an Emerging Crisis of COVID Pandemic
REAL,COVID-19 and Psychosis: Is There a Link?
REAL,"COVID-19 Daily: Be Wary of New Treatments, HCW Infections"
REAL,COMMENTARY: The Element of Surprise: How COVID-19 Has Unveiled a Tale of Two Americas
REAL,COMMENTARY: COVID-Positive: A Physician's Diary
REAL,Children With Kawasaki-Like Disease Positive for COVID-19
REAL,Operation Quack Hack: FDA Targets Fraudulent COVID-19 Products
REAL,COMMENTARY: COVID-19 Dermatologic Manifestations: More Than a Footprint
REAL,COVID-19: How to Recognize and Manage Kawasaki-like Syndrome
REAL,COMMENTARY: 'Cardio-COVID': Amal Mattu on COVID-19 and Matters of the Heart
REAL,COVID-19 in ICE Facilities Could Overwhelm Local ICUs
REAL,Trending Clinical Topic: COVID Toes
REAL,"Med Schools Bringing Back Students, Flooded With Applicants"
REAL,Justice Ginsberg Joins Court Call from Hospital
REAL,Nurse Shares Sweet Story After Front-Line Shift
REAL,Turning Patients Prone Helps Fight COVID-19
REAL,Why Are Minorities Hardest Hit By COVID-19?
REAL,Warning: U.S. May Not Lower COVID-19 Infections
REAL,Best Ways to Help Kids Through the Pandemic
REAL,Annual COVID-19 Vaccine May Be Necessary
REAL,"Cuddling Brings Two Minds Together, Study Reveals"
REAL,Running Without Risk During the Pandemic
REAL,What Is 'Contact Tracing' and How Does it Work?
REAL,"COVID-19 Daily: New Study Tracks US Response, Hospital Inequities"
REAL,Virtual March' Demands Immediate Federal Action on PPE
REAL,Rural Hospitals Prepare for Two Vastly Different Scenarios
REAL,"COVID-19 Daily: Virtual March for PPE, Rural Hospitals Prep"
REAL,TSA: 500 Employees Test Positive for COVID-19
REAL,Most of Georgias COVID-19 Hospitalized Are Black
REAL,LA Offers All Residents Free COVID-19 Tests
REAL,NYC Stopping Subways Overnight to Disinfect Trains
REAL,U.S. Government to Increase PPE Shipments to Nursing Homes
REAL,COVID-19: US Initiative Aims to Stem the Tide of Suicide
REAL,COMMENTARY: Healthcare Workers Should Wear Reusable Elastomeric Masks
REAL,"COVID-19 Daily: Remdesivir Authorization, Pay Parity for Telehealth"
REAL,"Coronavirus Social: Babies Shouldn't Wear Masks, Experts Warn"
REAL,Trending Clinical Topic: Cancer and COVID-19
REAL,COMMENTARY: We Can't Ignore the Harms of Social Distancing
REAL,Sweden Sticks With Controversial COVID-19 Approach
REAL,Blood Pressure Medicines Dont Increase COVID-19 Risk
REAL,CMS Hikes Telephone Visit Payments During Pandemic
REAL,Excess Cancer Deaths Predicted as Care Disrupted by COVID-19
REAL,"Neurologists Dust Off Their Stethoscopes, Join COVID Frontlines"
REAL,Parents Hold Newborn Twins After Beating COVID-19
REAL,ACT-Accelerator update
REAL,IOC joins forces with WHO and the United Nations to fight COVID-19
REAL,The World Health Organization reminds public to remain vigilant through Mr Beans Essential COVID-19 Checklist
REAL,WHO welcomes preliminary results about dexamethasone use in treating critically ill COVID-19 patients
REAL,"A cluster of COVID-19 in Beijing, Peoples Republic of China"
REAL,WHO welcomes crucial new funding for vaccines
REAL,Record number of countries contribute data revealing disturbing rates of antimicrobial resistance
REAL,COVID-19 significantly impacts health services for noncommunicable diseases
REAL,International community rallies to support open research and science to fight COVID-19
REAL,"At least 80 million children under one at risk of diseases such as diphtheria, measles and polio as COVID-19 disrupts routine vaccination efforts, warn Gavi, WHO and UNICEF"
REAL,"WHO and UNHCR join forces to improve health services for refugees, displaced and stateless people"
REAL,Historic health assembly ends with global commitment to COVID-19 response
REAL,WHO and Costa Rica preview technology pooling initiative to ensure access to COVID-19 health products for all
REAL,Substantial investment needed to avert mental health crisis
REAL,WHO: People living longer and healthier lives but COVID-19 threatens to throw progress off track
REAL,Launch of the WHO Academy and the WHO Info mobile applications
REAL,ECOSOC Informal Briefing on 'Joining Forces: Effective Policy Solutions for Covid-19 Response'
REAL,"Commemorating Smallpox Eradication  a legacy of hope, for COVID-19 and other diseases"
REAL,Guidance on Integration of COVID-19 in Existing Acute Febrile Illness (AFI) Surveillance Systems
REAL,Framework for Healthcare Systems Providing Non-COVID-19 Clinical Care During the COVID-19 Pandemic
REAL,Contact Tracing
REAL,Daily Life and Coping
REAL,Interim Clinical Guidance for Management of Patients with Confirmed Coronavirus Disease (COVID-19)
REAL,Stop the Spread of Rumors
REAL,Considerations for Restaurants and Bars
REAL,COVID-19 Recommendations for Pet Stores Pet Distributors and Pet Breeding Facilities
REAL,Interim Considerations for K-12 School Administrators for SARS-CoV-2 Testing
REAL,Interim Considerations for Institutions of Higher Education Administrators for SARS-CoV-2 Testing
REAL,Operational Considerations for Immunization Services during COVID-19 in Non-US Settings Focusing on Low-Middle Income Countries
REAL,Training for Healthcare Professionals
REAL,Test for Past Infection (Antibody Test)
REAL,Evaluation for SARS-CoV-2 Testing in Animals
REAL,Preventing the Spread of COVID-19 in Retirement Communities and Independent Living Facilities
REAL,Retirement Communities and Independent Living
REAL,CDC COVID-19 Global Response
REAL,Preventing the Spread of COVID-19 in a Variety of Settings Throughout Your Community
REAL,Surveillance and Data Analytics
REAL,Community Mitigation
REAL,Laboratory Capacity
REAL,Communication Materials
REAL,Interim Infection Prevention and Control Guidance for Veterinary Clinics Treating Companion Animals During the COVID-19 Response
REAL,Living in or Visiting Retirement Communities or Independent Living Facilities
REAL,Road Travel Toolkit for Transportation Partners
REAL,Management of Visitors to Healthcare Facilities in the Context of COVID-19: Non-US Healthcare Settings
REAL,Use of Cloth Face Coverings to Help Slow the Spread of COVID-19
REAL,Strategies for Optimizing Supply of N95 Respirators
REAL,Travelers Returning from Cruise Ship and River Cruise Voyages
REAL,Considerations for Wearing Cloth Face Coverings
REAL,Considerations for TravelersCoronavirus in the US
REAL,If You Have Pets
REAL,Guidance for Direct Service Providers
REAL,What Bank Employees Need to Know about COVID-19
REAL,Strategies for Optimizing the Supply of Facemasks
REAL,Strategies for Optimizing the Supply of Eye Protection
REAL,COVID-19 Employer Information for Banks
REAL,Guidance for Pharmacies
REAL,Interim Guidance for Implementing Home Care of People Not Requiring Hospitalization for Coronavirus Disease 2019 (COVID-19)
REAL,Help Stop the Spread of COVID-19 in Children
REAL,About Cloth Face Coverings
REAL,Toolkit: One Health Approach to Address Companion Animals with SARS-CoV-2
REAL,RRT Composition: COVID-19 Considerations
REAL,Standardized procedure for broad-based testing for SARS-CoV-2 in congregate settings: Considerations for health departments and healthcare providers
REAL,Transcript for the CDC Telebriefing Update on COVID-19
REAL,Commercial Laboratory Seroprevalence Survey Data
REAL,Framework for Implementation of COVID-19 Community Mitigation Measures for Lower-Resource Countries ?
REAL,Markets: Operational considerations for COVID-19 mitigation measures in low resource settings
REAL,CDC updates expands list of people at risk of severe COVID-19 illness
REAL,CDC Media Telebriefing: Update on COVID-19
REAL,Older Adults
REAL,Special Populations Data in the U.S.
REAL,People Who Are at Increased Risk for Severe Illness
REAL,People Who Live in a Nursing Home or Long-Term Care Facility
REAL,COVID-19 Serology Surveillance Strategy
REAL,How to Report COVID-19 Laboratory Data
REAL,Food and Coronavirus Disease 2019 (COVID-19)
REAL,Preparing for COVID-19 in Nursing Homes
REAL,Suggestions for Youth and Summer Camps
REAL,COVID-19 in Racial and Ethnic Minority Groups
REAL,Assessing Risk Factors for Severe COVID-19 Illness
REAL,Clinical Care Guidance for Healthcare Professionals about Coronavirus (COVID-19)
REAL,COVID-19 Mathematical Modeling
REAL,People of Any Age with Underlying Medical Conditions
REAL,Test for Current Infection
REAL,If You Are Pregnant Breastfeeding or Caring for Young Children
REAL,Evidence used to update the list of underlying medical conditions that increase a persons risk of severe illness from COVID-19
REAL,Your Health
REAL,Testing for COVID-19
REAL,Communication Resources for Travelers
REAL,Protecting Seafood Processing Workers from COVID-19
REAL,Safe Watering Points During COVID-19
REAL,Pets and Other Animals
REAL,Health Departments
REAL,More Resources about COVID-19
REAL,COVID-19 Forecasting: Background Information
REAL,Youth Sports Program FAQs
REAL,Migration and Border Health
REAL,What Nail Salon Employees Need to Know about COVID-19
REAL,Investigating and responding to COVID-19 cases in non-healthcare work settings
REAL,Pre-Deployment Processes: COVID-19 Considerations
REAL,COVID-19 Rapid Response Team Guidance
REAL,COVID-19 Serology Surveillance
REAL,Additional Resources
REAL,Post-Deployment Processes: COVID-19 Considerations
REAL,Deployment Processes: COVID-19 Considerations
REAL,"Every day, I walk away amazedMONDAY"
REAL,Identify Jurisdiction-Specific Case Investigation Tools
REAL,Identify Jurisdiction-Specific Contact Tracing Tools and Protocols
REAL,Identify the Primary Components of COVID-19 Case Investigation
REAL,Topics for Case Investigators
REAL,Topics for Contact Tracers
REAL,Considerations for Election Polling Locations and Voters
REAL,COVID-19 and Animals
REAL,Manufacturing Facility Assessment Toolkit
REAL,Analyze Contact Tracing Encounters for Continuous Quality Improvement
REAL,Ten Clinical Tips on COVID-19 for Healthcare Providers Involved in Patient Care
REAL,An Approach for Monitoring and Evaluating Community Mitigation Strategies for COVID-19
REAL,Monitoring and Evaluation Logic Model
REAL,Considerations for Casinos and Gaming Operations
REAL,FAQs for Correctional and Detention Facilities
REAL,Contact Tracing for COVID-19
REAL,Cases and Deaths in the U.S.
REAL,Guidance for Dental Settings
REAL,How COVID-19 Spreads
REAL,Resources
REAL,Open Burning during the COVID-19 Pandemic
REAL,About COVID-19
REAL,Environmental Health Practitioners
REAL,Considerations for Public Beaches
REAL,COVIDTracer 1.0
REAL,Guidance for Handlers of Service and Therapy Animals
REAL,Travelers Prohibited from Entry to the United States
REAL,Considerations for Community-Based Organizations
REAL,Deciding to Go Out
REAL,Personal and Social Activities
REAL,Running Essential Errands
REAL,A Sort of Homecoming
REAL,Keep Children Healthy during the COVID-19 Outbreak
REAL,CDC releases consolidated COVID-19 testing recommendations
REAL,Household Checklist
REAL,Testing Strategy for Coronavirus (COVID-19) in High-Density Critical Infrastructure Workplaces after a COVID-19 Case Is Identified
REAL,Transcript - CDC Media Telebriefing: Update on COVID-19
REAL,Public Attitudes Behaviors and Beliefs Related to COVID-19 Stay-at-Home Orders Nonessential Business Closures and Public Health Guidance  United States  New York City and Los Angeles May 512 2020
REAL,Guidance for U.S. Centers for Disease Control and Prevention Staff for the Establishment and Management of Public Health Rapid Response Teams for Disease Outbreaks: COVID-19 Disease Supplement Infographic
REAL,Interim Guidance for Homeless Service Providers to Plan and Respond to Coronavirus Disease 2019 (COVID-19)
REAL,People Experiencing Homelessness
REAL,Gatherings and Community Events
REAL,Alcohol and Substance Use
REAL,What to Do if Your Pet Tests Positive for the Virus that Causes COVID-19
REAL,Grief and Loss
REAL,Support for Veterans
REAL,Support for People Experiencing Abuse
REAL,Interim Guidance for SARS-CoV-2 Testing in North American Wildlife
REAL,Agriculture Workers and Employers
REAL,Reducing Stigma
REAL,Using Telehealth to Expand Access to Essential Health Services during the COVID-19 Pandemic
REAL,Financial Resources
REAL,General Contact Tracing and Case Investigation Training Modules
REAL,Visiting Parks and Recreational Facilities
REAL,Investigating a COVID-19 Case
REAL,Doctor Visits and Getting Medicines
REAL,Talking with the Patient  A Case Investigators Guide to COVID-19
REAL,Research Use Only 2019-Novel Coronavirus (2019-nCoV) Real-time RT-PCR Primers and Probes
REAL,Guidance for Administrators in Parks and Recreational Facilities
REAL,Healthcare Infection Prevention and Control FAQs for COVID-19
REAL,Wildfire Smoke and COVID-19: Frequently Asked Questions and Resources for Air Resource Advisors and Other Environmental Health Professionals
REAL,Interim Laboratory Biosafety Guidelines for Handling and Processing Specimens Associated with Coronavirus Disease 2019 (COVID-19)
REAL,Notification of Exposure: A Contact Tracer's Guide for COVID-19
REAL,Communication Toolkit
REAL,COVID-19 Employer Information for Nail Salons
REAL,Public Health Guidance for Community-Related Exposure
REAL,HHS Announces New Laboratory Data Reporting Guidance for COVID-19 Testing
REAL,Identify the Primary Components of COVID-19 Case Investigation and Contact Tracing
REAL,Identify the Primary Components of COVID-19 Contact Tracing
REAL,Collection and Submission of Postmortem Specimens from Deceased Persons with Known or Suspected COVID-19
REAL,Other Populations
REAL,CDCs role in helping cruise ship travelers during the COVID-19 pandemic
REAL,K-12 Schools and Childcare Programs
REAL,Special Considerations for Patients on Home Dialysis
REAL,COVID-19 Staffing Guidance for State Tribal Local and Territorial Health Departments
REAL,Community-level Seroprevalence Surveys
REAL,Support Services
REAL,A Marathoners Take on COVID-19
REAL,COVID-19 in Newly Resettled Refugee Populations
REAL,Guidance for Group Homes for Individuals with Disabilities
REAL,Schools and Day Camps
REAL,Considerations for Institutes of Higher Education
REAL,Information for Pediatric Healthcare Providers
REAL,Considerations for Preventing Spread of COVID-19 in Assisted Living Facilities
REAL,Appendices
REAL,Air Travel Toolkit for Airline Partners
REAL,Childcare Programs
REAL,Considerations for Youth Sports
REAL,Households Living in Close Quarters
REAL,Discontinuation of Isolation for Persons with COVID -19 Not in Healthcare Settings
REAL,United States Coronavirus (COVID-19) Death Toll Surpasses 100000
REAL,Information for Sanitation and Wastewater Workers on COVID-19
REAL,First Responders Law Enforcement and Public Services
REAL,Travel: Frequently Asked Questions and Answers
REAL,Standard Operating Procedure (SOP) for Triage of Suspected COVID-19 Patients in non-US Healthcare Settings: Early Identification and Prevention of Transmission during Triage
REAL,Using Antibody Tests for COVID-19
REAL,Screening Clients for COVID-19 at Homeless Shelters or Encampments
REAL,Antibody Testing At-A-Glance Recommendations for Professionals
REAL,Interim Guidance for Mass Transit Administrators
REAL,Key Resources
REAL,Cleaning And Disinfecting Your Home
REAL,Funeral Guidance for Individuals and Families
REAL,COVID-19 Employer Information for Office Buildings
REAL,Considerations for Public Pools Hot Tubs and Water Playgrounds During COVID-19
REAL,Returning from International Travel
REAL,Cleaning and Disinfection for Community Facilities
REAL,People with Developmental and Behavioral Disorders
REAL,Guidance for Direct Service Providers  Caregivers Parents and People with Developmental and Behavioral Disorders
REAL,Implementation of Mitigation Strategies for Communities with Local COVID-19 Transmission
REAL,Special Considerations for Health Departments
REAL,Managing Investigations During an Outbreak
REAL,When to Initiate Case Investigation and Contact Tracing Activities
REAL,Training Case Investigators and Contact Tracers
REAL,Scaling Up Staffing Roles in Case Investigation and Contact Tracing
REAL,Interim Guidance on Developing a COVID-19 Case Investigation & Contact Tracing Plan: Overview
REAL,Digital Contact Tracing Tools
REAL,Confidentiality and Consent
REAL,Evaluating Case Investigation and Contact Tracing Success
REAL,Data Management for Assigning and Managing Investigations
REAL,Building Community Support
REAL,When You Can be Around Others After You Had or Likely Had COVID-19
REAL,Protect Yourself When Using Transportation
REAL,COVID-19 Surge
REAL,If You Are Sick or Caring for Someone
REAL,Community and Faith-Based Organizations
REAL,Serology Testing for COVID-19 at CDC
REAL,Interim Guidance for Communities of Faith
REAL,Interim Guidelines for COVID-19 Antibody Testing
REAL,CDC Releases Recommendations for Communities of Faith
REAL,Data Visualization: How to Align Manufacturing Workstations If Feasible
REAL,How to Wash Cloth Face Coverings
REAL,Resuming Business Toolkit
REAL,COVID-19 Sample Training Plans for Contact Tracers Case Investigators and Supervisors
REAL,Cleaning and Disinfecting
REAL,Rodent Control
REAL,Key Information to Collect During a Case Interview
REAL,At Home
REAL,CDC releases resources to assist states to open
REAL,Considerations for Inpatient Obstetric Healthcare Settings
REAL,Publications about COVID-19 for Laboratories
REAL,Talking with children about Coronavirus Disease 2019
REAL,Evaluation and Management Considerations for Neonates At Risk for COVID-19
REAL,Caring for Children
REAL,For Parents: Multisystem Inflammatory Syndrome in Children (MIS-C) associated with COVID-19
REAL,Help Children Learn at Home
REAL,Previous U.S. COVID-19 Case Data
REAL,What Construction Workers Need to Know about COVID-19
REAL,Monitor Performance of Case Investigation and Contact Tracers
REAL,Describe a Team Leads Role in Training and Development
REAL,Identify Time Management Practices for Case Investigation and Contact Tracing Leads
REAL,Describe the Qualities Skills And Styles of Effective COVID-19 Case Investigation and Contract Tracing Leads
REAL,Topics for Team Leads
REAL,Communities Schools Workplaces and Events
REAL,Colleges  Universities and Higher Learning
REAL,Considerations for Schools
REAL,Performing Facility-wide SARS-CoV-2 Testing in Nursing Homes
REAL,What Workers and Employers Can Do to Manage Workplace Fatigue during COVID-19
REAL,Additional COVID-19 Guidance for Caregivers of People Living with Dementia in Community Settings
REAL,HHS Delivers Funding to Expand Testing Capacity for States Territories Tribes
REAL,Looking for Clues
REAL,CDC Seroprevalence Survey Types
REAL,Checklist for Homeless Service Providers During Community Re-opening
REAL,Mass Transit Decision Tool
REAL,What Long-haul Truck Drivers Need to Know about COVID-19
REAL,Interim Guidance for Syringe Services Programs
REAL,Interim Guidance for Public Health Professionals Managing People With COVID-19 in Home Care and Isolation Who Have Pets or Other Animals
REAL,Identify Strategies to Reduce Spread of COVID-19
REAL,CDC Response Corps to Support State Tribal Local and Territorial Health Departments
REAL,Factors to Consider When Planning to Purchase Respirators from Another Country
REAL,Restaurants and Bars Decision Tool
REAL,Apply COVID-19 Contact Tracing Protocol to Realistic Scenarios
REAL,Define COVID-19 Contact Tracing Protocol
REAL,Describe COVID-19 Case Investigation Protocol
REAL,Coronavirus Disease 2019 (COVID-19)-Associated Hospitalization Surveillance Network (COVID-NET)
REAL,Stress and Coping
REAL,Analyze Case Investigation Encounters for Continuous Quality
REAL,Apply COVID-19 Online Knowledge and Case Investigating Protocol to Realistic Scenarios
REAL,If You Are Immunocompromised Protect Yourself From COVID-19
REAL,Symptoms of Coronavirus
REAL,CDC Laboratory Work for Coronavirus (COVID-19)
REAL,Interim Guidance on Unsheltered Homelessness and Coronavirus Disease 2019 (COVID-19) for Homeless Service Providers and Local Officials
REAL,Manufacturing Workers and Employers
REAL,Preparedness Tools for Healthcare Professionals and Facilities Responding to Coronavirus (COVID-19)
REAL,A different kind of outbreak
REAL,Considerations for Memory Care Units in Long-term Care Facilities
REAL,Youth Experiencing Homelessness
REAL,FAQs for Wildland Firefighters
REAL,What Maritime Pilots Need to Know about COVID-19
REAL,Worker Safety and Support
REAL,When to wear gloves
REAL,Caring for Someone Sick at Home
REAL,Contact Tracing Training Plan
REAL,Infection Prevention and Control Assessment Tool for Nursing Homes Preparing for COVID-19
REAL,List Requirements for Protecting Health Information
REAL,Checklist for Older Adults
REAL,What To Do if You Are Sick
REAL,Guidance for Cleaning and Disinfecting
REAL,Reopening Guidance for Cleaning and Disinfecting Public Spaces Workplaces Businesses Schools and Homes
REAL,Shared and Congregate Housing
REAL,Prevent Getting Sick
REAL,Interim Guidance on Management of Coronavirus Disease 2019 (COVID-19) in Correctional and Detention Facilities
REAL,What Waste Collectors and Recyclers Need to Know about COVID-19
REAL,Guidance for Reopening Buildings After Prolonged Shutdown or Reduced Operation
REAL,Guidance Documents
REAL,Interim Guidance for Businesses and Employers Responding to Coronavirus Disease 2019 (COVID-19) May 2020
REAL,COVID-19 Critical Infrastructure Sector Response Planning
REAL,Arriving Passengers Health Card
REAL,Operational Considerations for Personal Protective Equipment in the Context of Global Supply Shortages for Coronavirus Disease 2019 (COVID-19) Pandemic: non-US Healthcare Settings
REAL,Healthcare Personnel and First Responders: How to Cope with Stress and Build Resilience During the COVID-19 Pandemic
REAL,Employees: How to Cope with Job Stress and Build Resilience During the COVID-19 Pandemic
REAL,SARS-CoV-2 Viral Culturing at CDC
REAL,Information for Health Departments on Reporting Cases of COVID-19
REAL,Care for Breastfeeding Women
REAL,What to Know About Liver Disease and COVID-19
REAL,Criteria for Return to Work for Healthcare Personnel with Confirmed or Suspected COVID-19 (Interim Guidance)
REAL,Symptom-Based Strategy to Discontinue Isolation for Persons with COVID-19
REAL,Riding the first wave of CDCs COVID-19 response at ports of entrySATURDAY
REAL,Says gloves shouldnt be worn in public because if you are wearing the same set of gloves all over town you are only spreading germs everywhere you go.
REAL,Two-thirds of Americans disapprove of Donald Trump not wearing a face mask in public.
REAL,Research illustrates a clear correlation between vitamin D deficiencies and (higher) COVID-19 mortality rates.
REAL,"Infection rates in Allegany, Cattaraugus and Chautauqua counties have consistently been among the lowest in the state."
REAL,In COVID-19 crisis only 20% of African Americans had jobs where they could work from home.
REAL,Significantly more people died of Covid-19 in two months than died of overdoses all of last year or the year before.
REAL,"Says President Trump said coronavirus testing makes the U.S. look bad, ""so I said to my people, Slow the testing down."""
REAL,North Carolina is one of four states that hasn't opened gyms.
REAL,"Says Wisconsin measures have ""prevented the death of at least 300 Wisconsinites and perhaps as many as 1400 lives."""
REAL,Congressional candidate Chris Jacobs voted against paid leave for COVID-19.
REAL,Immigrants make up a majority of essential workers in places like New York City.
REAL,New York City could pay to house its homeless population in hotel rooms currently sitting vacant but Mayor Bill de Blasio has absolutely to this point refused to do that.
REAL,Says Wisconsin has not had a spike in coronavirus cases that was statistically significant related to the fact that they had voting.
REAL,Beachgoers trash Florida beaches with 13000 pounds of litter after beaches reopen.
REAL,Pelosis new coronavirus bill allows illegals to receive billions in relief funds in past current and future payments.
REAL,Gov. Wolf is not allowing companies that distribute U.S. flags to ship out orders to be placed at veterans graves for Memorial Day.
REAL,VA Democrats authorized for early release over 4000 inmates 60% of which are incarcerated for violent offenses.
REAL,Almost 75 percent of the deaths from COVID-19 in the state of Texas are a result of people contracting COVID-19 who are age 65 and older.
REAL,A long list shows new CDC guidelines for reopening schools.
REAL,Says researchers found a fabric that kills coronaviruses
REAL,With retail people are moving around and you dont have as much a chance to spread the virus (as you do) when people are sitting or standing indoors for long periods of time.
REAL,Says President Donald Trump took more than a month to allocate Congress emergency funding to tribes  and only did so after tribes sued.
REAL,As of June 23 the COVID-19 death rate is way down.
REAL,Hays County in Central Texas has seen an incredible 845% increase in (COVID-19) cases since June 7.
